Handle,Title,Body HTML,Vendor,Product Type,Tags,Published,Variant SKU,Variant Price,Variant Compare At Price,Variant Requires Shipping,Variant Taxable,Variant Inventory Tracker,Variant Inventory Qty,Variant Inventory Policy,Variant Fulfillment Service,Variant Weight,Variant Weight Unit,Image Src,Image Position,Image Alt Text
Modern-desk-lamp-new-import-928,Modern Desk Lamp-928,<p>A sleek and contemporary desk lamp with adjustable brightness settings. Perfect for your home office.</p>-928,LightCraft-928,Lighting-928,"desk,lamp,office,modern-928",True-928,MDL-001-928,39.99,49.99,True-928,True-928,shopify-928,25-928,deny-928,manual-928,1.2-928,kg-928,https://images.unsplash.com/photo-1534109287734-9595ff4428d5-928,1-928,Modern desk lamp with adjustable arm-928
Ergonomic-office-chair-new-929,Ergonomic Office Chair-929,<p>Premium ergonomic office chair with lumbar support and adjustable height. Designed for maximum comfort during long work hours.</p>-929,ComfortSeating-929,Furniture-929,"chair,office,ergonomic,furniture-929",True-929,EOC-001-929,189.99,229.99,True-929,True-929,shopify-929,12-929,deny-929,manual-929,15.5-929,kg-929,https://images.unsplash.com/photo-1505797149-35ebcb016d74-929,1-929,Ergonomic office chair with mesh back-929
Wireless-bluetooth-speaker-new-930,Wireless Bluetooth Speaker-930,<p>Portable Bluetooth speaker with superior sound quality and 12-hour battery life. Waterproof design makes it perfect for outdoor use.</p>-930,SoundWave-930,Electronics-930,"speaker,bluetooth,wireless,audio-930",True-930,WBS-001-930,79.99,99.99,True-930,True-930,shopify-930,30-930,deny-930,manual-930,0.5-930,kg-930,https://images.unsplash.com/photo-1589003077984-894e133dabab-930,1-930,Portable Bluetooth speaker-930
Premium-yoga-mat-new-931,Premium Yoga Mat-931,<p>Extra thick yoga mat made from eco-friendly materials. Non-slip surface provides excellent grip during practice.</p>-931,ZenFitness-931,Fitness-931,"yoga,mat,fitness,exercise-931",True-931,PYM-001-931,45.99,59.99,True-931,True-931,shopify-931,40-931,deny-931,manual-931,1.8-931,kg-931,https://images.unsplash.com/photo-1518611012118-696072aa579a-931,1-931,Premium yoga mat-931
Stainless-steel-water-bottle-new-932,Stainless Steel Water Bottle-932,<p>Double-walled insulated water bottle that keeps drinks cold for 24 hours or hot for 12 hours. BPA-free and environmentally friendly.</p>-932,EcoHydrate-932,Kitchen-932,"water bottle,stainless steel,eco-friendly,hydration-932",True-932,SSWB-001-932,24.99,29.99,True-932,True-932,shopify-932,50-932,deny-932,manual-932,0.35-932,kg-932,https://images.unsplash.com/photo-1602143407151-7111542de6e8-932,1-932,Stainless steel water bottle-932
Handcrafted-ceramic-mug-new-933,Handcrafted Ceramic Mug-933,"<p>Artisan-made ceramic mug, perfect for your morning coffee or tea. Each piece is unique with slight variations in the glaze.</p>-933",ArtisanWares-933,Kitchen-933,"mug,ceramic,handcrafted,coffee-933",True-933,HCM-001-933,18.99,24.99,True-933,True-933,shopify-933,20-933,deny-933,manual-933,0.4-933,kg-933,https://images.unsplash.com/photo-1577937927533-addefece22c3-933,1-933,Handcrafted ceramic mug-933
Organic-cotton-t-shirt-new-934,Organic Cotton T-Shirt-934,<p>Ultra-soft organic cotton t-shirt. Ethically sourced and manufactured. Classic fit suitable for everyday wear.</p>-934,EcoClothing-934,Apparel-934,"t-shirt,organic,cotton,clothing-934",True-934,OCTS-001-934,29.99,34.99,True-934,True-934,shopify-934,30-934,deny-934,manual-934,0.2-934,kg-934,https://images.unsplash.com/photo-1581655353564-df123a1eb820-934,1-934,Organic cotton t-shirt-934
Smart-fitness-tracker-new-935,Smart Fitness Tracker-935,"<p>Advanced fitness tracker with heart rate monitoring, sleep tracking, and smartphone notifications. Water-resistant design for all-day wear.</p>-935",TechFit-935,Electronics-935,"fitness,tracker,smartwatch,health-935",True-935,SFT-001-935,89.99,109.99,True-935,True-935,shopify-935,15-935,deny-935,manual-935,0.05-935,kg-935,https://images.unsplash.com/photo-1575311373937-040b8e1fd5b6-935,1-935,Smart fitness tracker-935
Premium-coffee-beans-new-936,Premium Coffee Beans-936,<p>Freshly roasted specialty coffee beans sourced from sustainable farms. Rich flavor profile with notes of chocolate and caramel.</p>-936,BeanMaster-936,Food-936,"coffee,beans,organic,gourmet-936",True-936,PCB-001-936,14.99,17.99,True-936,True-936,shopify-936,50-936,deny-936,manual-936,0.25-936,kg-936,https://images.unsplash.com/photo-1559056199-641a0ac8b55e-936,1-936,Premium coffee beans package-936
Minimalist-wall-clock-new-937,Minimalist Wall Clock-937,<p>Elegant wall clock with a minimalist design. Silent movement ensures no ticking noise. Perfect for any modern interior.</p>-937,ModernDecor-937,Home Decor-937,"clock,wall,minimalist,home decor-937",True-937,MWC-001-937,49.99,59.99,True-937,True-937,shopify-937,18-937,deny-937,manual-937,0.8-937,kg-937,https://images.unsplash.com/photo-1507985622960-4ce3dce7c7a9-937,1-937,Minimalist wall clock-937
Stainless-steel-water-bottle-new-938,Stainless Steel Water Bottle-938,<p>Double-walled insulated water bottle that keeps drinks cold for 24 hours or hot for 12 hours. BPA-free and environmentally friendly.</p>-938,EcoHydrate-938,Kitchen-938,"water bottle,stainless steel,eco-friendly,hydration-938",True-938,SSWB-001-938,24.99,29.99,True-938,True-938,shopify-938,50-938,deny-938,manual-938,0.35-938,kg-938,https://images.unsplash.com/photo-1602143407151-7111542de6e8-938,1-938,Stainless steel water bottle-938
Modern-desk-lamp-new-939,Modern Desk Lamp-939,<p>A sleek and contemporary desk lamp with adjustable brightness settings. Perfect for your home office.</p>-939,LightCraft-939,Lighting-939,"desk,lamp,office,modern-939",True-939,MDL-001-939,39.99,49.99,True-939,True-939,shopify-939,25-939,deny-939,manual-939,1.2-939,kg-939,https://images.unsplash.com/photo-1534109287734-9595ff4428d5-939,1-939,Modern desk lamp with adjustable arm-939
Modern-desk-lamp-new-940,Modern Desk Lamp-940,<p>A sleek and contemporary desk lamp with adjustable brightness settings. Perfect for your home office.</p>-940,LightCraft-940,Lighting-940,"desk,lamp,office,modern-940",True-940,MDL-001-940,39.99,49.99,True-940,True-940,shopify-940,25-940,deny-940,manual-940,1.2-940,kg-940,https://images.unsplash.com/photo-1534109287734-9595ff4428d5-940,1-940,Modern desk lamp with adjustable arm-940
modern-desk-lamp-new-941,Modern Desk Lamp-941,<p>A sleek and contemporary desk lamp with adjustable brightness settings. Perfect for your home office.</p>-941,LightCraft-941,Lighting-941,"desk,lamp,office,modern-941",True-941,MDL-001-941,39.99,49.99,True-941,True-941,shopify-941,25-941,deny-941,manual-941,1.2-941,kg-941,https://images.unsplash.com/photo-1534109287734-9595ff4428d5-941,1-941,Modern desk lamp with adjustable arm-941
Ergonomic-office-chair-new-942,Ergonomic Office Chair-942,<p>Premium ergonomic office chair with lumbar support and adjustable height. Designed for maximum comfort during long work hours.</p>-942,ComfortSeating-942,Furniture-942,"chair,office,ergonomic,furniture-942",True-942,EOC-001-942,189.99,229.99,True-942,True-942,shopify-942,12-942,deny-942,manual-942,15.5-942,kg-942,https://images.unsplash.com/photo-1505797149-35ebcb016d74-942,1-942,Ergonomic office chair with mesh back-942
Wireless-bluetooth-speaker-new-943,Wireless Bluetooth Speaker-943,<p>Portable Bluetooth speaker with superior sound quality and 12-hour battery life. Waterproof design makes it perfect for outdoor use.</p>-943,SoundWave-943,Electronics-943,"speaker,bluetooth,wireless,audio-943",True-943,WBS-001-943,79.99,99.99,True-943,True-943,shopify-943,30-943,deny-943,manual-943,0.5-943,kg-943,https://images.unsplash.com/photo-1589003077984-894e133dabab-943,1-943,Portable Bluetooth speaker-943
Premium-yoga-mat-new-944,Premium Yoga Mat-944,<p>Extra thick yoga mat made from eco-friendly materials. Non-slip surface provides excellent grip during practice.</p>-944,ZenFitness-944,Fitness-944,"yoga,mat,fitness,exercise-944",True-944,PYM-001-944,45.99,59.99,True-944,True-944,shopify-944,40-944,deny-944,manual-944,1.8-944,kg-944,https://images.unsplash.com/photo-1518611012118-696072aa579a-944,1-944,Premium yoga mat-944
Stainless-steel-water-bottle-new-945,Stainless Steel Water Bottle-945,<p>Double-walled insulated water bottle that keeps drinks cold for 24 hours or hot for 12 hours. BPA-free and environmentally friendly.</p>-945,EcoHydrate-945,Kitchen-945,"water bottle,stainless steel,eco-friendly,hydration-945",True-945,SSWB-001-945,24.99,29.99,True-945,True-945,shopify-945,50-945,deny-945,manual-945,0.35-945,kg-945,https://images.unsplash.com/photo-1602143407151-7111542de6e8-945,1-945,Stainless steel water bottle-945
Handcrafted-ceramic-mug-new-946,Handcrafted Ceramic Mug-946,"<p>Artisan-made ceramic mug, perfect for your morning coffee or tea. Each piece is unique with slight variations in the glaze.</p>-946",ArtisanWares-946,Kitchen-946,"mug,ceramic,handcrafted,coffee-946",True-946,HCM-001-946,18.99,24.99,True-946,True-946,shopify-946,20-946,deny-946,manual-946,0.4-946,kg-946,https://images.unsplash.com/photo-1577937927533-addefece22c3-946,1-946,Handcrafted ceramic mug-946
Organic-cotton-t-shirt-new-947,Organic Cotton T-Shirt-947,<p>Ultra-soft organic cotton t-shirt. Ethically sourced and manufactured. Classic fit suitable for everyday wear.</p>-947,EcoClothing-947,Apparel-947,"t-shirt,organic,cotton,clothing-947",True-947,OCTS-001-947,29.99,34.99,True-947,True-947,shopify-947,30-947,deny-947,manual-947,0.2-947,kg-947,https://images.unsplash.com/photo-1581655353564-df123a1eb820-947,1-947,Organic cotton t-shirt-947
Smart-fitness-tracker-new-948,Smart Fitness Tracker-948,"<p>Advanced fitness tracker with heart rate monitoring, sleep tracking, and smartphone notifications. Water-resistant design for all-day wear.</p>-948",TechFit-948,Electronics-948,"fitness,tracker,smartwatch,health-948",True-948,SFT-001-948,89.99,109.99,True-948,True-948,shopify-948,15-948,deny-948,manual-948,0.05-948,kg-948,https://images.unsplash.com/photo-1575311373937-040b8e1fd5b6-948,1-948,Smart fitness tracker-948
Premium-coffee-beans-new-949,Premium Coffee Beans-949,<p>Freshly roasted specialty coffee beans sourced from sustainable farms. Rich flavor profile with notes of chocolate and caramel.</p>-949,BeanMaster-949,Food-949,"coffee,beans,organic,gourmet-949",True-949,PCB-001-949,14.99,17.99,True-949,True-949,shopify-949,50-949,deny-949,manual-949,0.25-949,kg-949,https://images.unsplash.com/photo-1559056199-641a0ac8b55e-949,1-949,Premium coffee beans package-949
Minimalist-wall-clock-new-950,Minimalist Wall Clock-950,<p>Elegant wall clock with a minimalist design. Silent movement ensures no ticking noise. Perfect for any modern interior.</p>-950,ModernDecor-950,Home Decor-950,"clock,wall,minimalist,home decor-950",True-950,MWC-001-950,49.99,59.99,True-950,True-950,shopify-950,18-950,deny-950,manual-950,0.8-950,kg-950,https://images.unsplash.com/photo-1507985622960-4ce3dce7c7a9-950,1-950,Minimalist wall clock-950
Stainless-steel-water-bottle-new-951,Stainless Steel Water Bottle-951,<p>Double-walled insulated water bottle that keeps drinks cold for 24 hours or hot for 12 hours. BPA-free and environmentally friendly.</p>-951,EcoHydrate-951,Kitchen-951,"water bottle,stainless steel,eco-friendly,hydration-951",True-951,SSWB-001-951,24.99,29.99,True-951,True-951,shopify-951,50-951,deny-951,manual-951,0.35-951,kg-951,https://images.unsplash.com/photo-1602143407151-7111542de6e8-951,1-951,Stainless steel water bottle-951
Modern-desk-lamp-new-952,Modern Desk Lamp-952,<p>A sleek and contemporary desk lamp with adjustable brightness settings. Perfect for your home office.</p>-952,LightCraft-952,Lighting-952,"desk,lamp,office,modern-952",True-952,MDL-001-952,39.99,49.99,True-952,True-952,shopify-952,25-952,deny-952,manual-952,1.2-952,kg-952,https://images.unsplash.com/photo-1534109287734-9595ff4428d5-952,1-952,Modern desk lamp with adjustable arm-952
Modern-desk-lamp-new-953,Modern Desk Lamp-953,<p>A sleek and contemporary desk lamp with adjustable brightness settings. Perfect for your home office.</p>-953,LightCraft-953,Lighting-953,"desk,lamp,office,modern-953",True-953,MDL-001-953,39.99,49.99,True-953,True-953,shopify-953,25-953,deny-953,manual-953,1.2-953,kg-953,https://images.unsplash.com/photo-1534109287734-9595ff4428d5-953,1-953,Modern desk lamp with adjustable arm-953
modern-desk-lamp-new-954,Modern Desk Lamp-954,<p>A sleek and contemporary desk lamp with adjustable brightness settings. Perfect for your home office.</p>-954,LightCraft-954,Lighting-954,"desk,lamp,office,modern-954",True-954,MDL-001-954,39.99,49.99,True-954,True-954,shopify-954,25-954,deny-954,manual-954,1.2-954,kg-954,https://images.unsplash.com/photo-1534109287734-9595ff4428d5-954,1-954,Modern desk lamp with adjustable arm-954
Ergonomic-office-chair-new-955,Ergonomic Office Chair-955,<p>Premium ergonomic office chair with lumbar support and adjustable height. Designed for maximum comfort during long work hours.</p>-955,ComfortSeating-955,Furniture-955,"chair,office,ergonomic,furniture-955",True-955,EOC-001-955,189.99,229.99,True-955,True-955,shopify-955,12-955,deny-955,manual-955,15.5-955,kg-955,https://images.unsplash.com/photo-1505797149-35ebcb016d74-955,1-955,Ergonomic office chair with mesh back-955
Wireless-bluetooth-speaker-new-956,Wireless Bluetooth Speaker-956,<p>Portable Bluetooth speaker with superior sound quality and 12-hour battery life. Waterproof design makes it perfect for outdoor use.</p>-956,SoundWave-956,Electronics-956,"speaker,bluetooth,wireless,audio-956",True-956,WBS-001-956,79.99,99.99,True-956,True-956,shopify-956,30-956,deny-956,manual-956,0.5-956,kg-956,https://images.unsplash.com/photo-1589003077984-894e133dabab-956,1-956,Portable Bluetooth speaker-956
Premium-yoga-mat-new-957,Premium Yoga Mat-957,<p>Extra thick yoga mat made from eco-friendly materials. Non-slip surface provides excellent grip during practice.</p>-957,ZenFitness-957,Fitness-957,"yoga,mat,fitness,exercise-957",True-957,PYM-001-957,45.99,59.99,True-957,True-957,shopify-957,40-957,deny-957,manual-957,1.8-957,kg-957,https://images.unsplash.com/photo-1518611012118-696072aa579a-957,1-957,Premium yoga mat-957
Stainless-steel-water-bottle-new-958,Stainless Steel Water Bottle-958,<p>Double-walled insulated water bottle that keeps drinks cold for 24 hours or hot for 12 hours. BPA-free and environmentally friendly.</p>-958,EcoHydrate-958,Kitchen-958,"water bottle,stainless steel,eco-friendly,hydration-958",True-958,SSWB-001-958,24.99,29.99,True-958,True-958,shopify-958,50-958,deny-958,manual-958,0.35-958,kg-958,https://images.unsplash.com/photo-1602143407151-7111542de6e8-958,1-958,Stainless steel water bottle-958
Handcrafted-ceramic-mug-new-959,Handcrafted Ceramic Mug-959,"<p>Artisan-made ceramic mug, perfect for your morning coffee or tea. Each piece is unique with slight variations in the glaze.</p>-959",ArtisanWares-959,Kitchen-959,"mug,ceramic,handcrafted,coffee-959",True-959,HCM-001-959,18.99,24.99,True-959,True-959,shopify-959,20-959,deny-959,manual-959,0.4-959,kg-959,https://images.unsplash.com/photo-1577937927533-addefece22c3-959,1-959,Handcrafted ceramic mug-959
Organic-cotton-t-shirt-new-960,Organic Cotton T-Shirt-960,<p>Ultra-soft organic cotton t-shirt. Ethically sourced and manufactured. Classic fit suitable for everyday wear.</p>-960,EcoClothing-960,Apparel-960,"t-shirt,organic,cotton,clothing-960",True-960,OCTS-001-960,29.99,34.99,True-960,True-960,shopify-960,30-960,deny-960,manual-960,0.2-960,kg-960,https://images.unsplash.com/photo-1581655353564-df123a1eb820-960,1-960,Organic cotton t-shirt-960
Smart-fitness-tracker-new-961,Smart Fitness Tracker-961,"<p>Advanced fitness tracker with heart rate monitoring, sleep tracking, and smartphone notifications. Water-resistant design for all-day wear.</p>-961",TechFit-961,Electronics-961,"fitness,tracker,smartwatch,health-961",True-961,SFT-001-961,89.99,109.99,True-961,True-961,shopify-961,15-961,deny-961,manual-961,0.05-961,kg-961,https://images.unsplash.com/photo-1575311373937-040b8e1fd5b6-961,1-961,Smart fitness tracker-961
Premium-coffee-beans-new-962,Premium Coffee Beans-962,<p>Freshly roasted specialty coffee beans sourced from sustainable farms. Rich flavor profile with notes of chocolate and caramel.</p>-962,BeanMaster-962,Food-962,"coffee,beans,organic,gourmet-962",True-962,PCB-001-962,14.99,17.99,True-962,True-962,shopify-962,50-962,deny-962,manual-962,0.25-962,kg-962,https://images.unsplash.com/photo-1559056199-641a0ac8b55e-962,1-962,Premium coffee beans package-962
Minimalist-wall-clock-new-963,Minimalist Wall Clock-963,<p>Elegant wall clock with a minimalist design. Silent movement ensures no ticking noise. Perfect for any modern interior.</p>-963,ModernDecor-963,Home Decor-963,"clock,wall,minimalist,home decor-963",True-963,MWC-001-963,49.99,59.99,True-963,True-963,shopify-963,18-963,deny-963,manual-963,0.8-963,kg-963,https://images.unsplash.com/photo-1507985622960-4ce3dce7c7a9-963,1-963,Minimalist wall clock-963
Stainless-steel-water-bottle-new-964,Stainless Steel Water Bottle-964,<p>Double-walled insulated water bottle that keeps drinks cold for 24 hours or hot for 12 hours. BPA-free and environmentally friendly.</p>-964,EcoHydrate-964,Kitchen-964,"water bottle,stainless steel,eco-friendly,hydration-964",True-964,SSWB-001-964,24.99,29.99,True-964,True-964,shopify-964,50-964,deny-964,manual-964,0.35-964,kg-964,https://images.unsplash.com/photo-1602143407151-7111542de6e8-964,1-964,Stainless steel water bottle-964
Modern-desk-lamp-new-965,Modern Desk Lamp-965,<p>A sleek and contemporary desk lamp with adjustable brightness settings. Perfect for your home office.</p>-965,LightCraft-965,Lighting-965,"desk,lamp,office,modern-965",True-965,MDL-001-965,39.99,49.99,True-965,True-965,shopify-965,25-965,deny-965,manual-965,1.2-965,kg-965,https://images.unsplash.com/photo-1534109287734-9595ff4428d5-965,1-965,Modern desk lamp with adjustable arm-965
Modern-desk-lamp-new-966,Modern Desk Lamp-966,<p>A sleek and contemporary desk lamp with adjustable brightness settings. Perfect for your home office.</p>-966,LightCraft-966,Lighting-966,"desk,lamp,office,modern-966",True-966,MDL-001-966,39.99,49.99,True-966,True-966,shopify-966,25-966,deny-966,manual-966,1.2-966,kg-966,https://images.unsplash.com/photo-1534109287734-9595ff4428d5-966,1-966,Modern desk lamp with adjustable arm-966
modern-desk-lamp-new-967,Modern Desk Lamp-967,<p>A sleek and contemporary desk lamp with adjustable brightness settings. Perfect for your home office.</p>-967,LightCraft-967,Lighting-967,"desk,lamp,office,modern-967",True-967,MDL-001-967,39.99,49.99,True-967,True-967,shopify-967,25-967,deny-967,manual-967,1.2-967,kg-967,https://images.unsplash.com/photo-1534109287734-9595ff4428d5-967,1-967,Modern desk lamp with adjustable arm-967
Ergonomic-office-chair-new-968,Ergonomic Office Chair-968,<p>Premium ergonomic office chair with lumbar support and adjustable height. Designed for maximum comfort during long work hours.</p>-968,ComfortSeating-968,Furniture-968,"chair,office,ergonomic,furniture-968",True-968,EOC-001-968,189.99,229.99,True-968,True-968,shopify-968,12-968,deny-968,manual-968,15.5-968,kg-968,https://images.unsplash.com/photo-1505797149-35ebcb016d74-968,1-968,Ergonomic office chair with mesh back-968
Wireless-bluetooth-speaker-new-969,Wireless Bluetooth Speaker-969,<p>Portable Bluetooth speaker with superior sound quality and 12-hour battery life. Waterproof design makes it perfect for outdoor use.</p>-969,SoundWave-969,Electronics-969,"speaker,bluetooth,wireless,audio-969",True-969,WBS-001-969,79.99,99.99,True-969,True-969,shopify-969,30-969,deny-969,manual-969,0.5-969,kg-969,https://images.unsplash.com/photo-1589003077984-894e133dabab-969,1-969,Portable Bluetooth speaker-969
Premium-yoga-mat-new-970,Premium Yoga Mat-970,<p>Extra thick yoga mat made from eco-friendly materials. Non-slip surface provides excellent grip during practice.</p>-970,ZenFitness-970,Fitness-970,"yoga,mat,fitness,exercise-970",True-970,PYM-001-970,45.99,59.99,True-970,True-970,shopify-970,40-970,deny-970,manual-970,1.8-970,kg-970,https://images.unsplash.com/photo-1518611012118-696072aa579a-970,1-970,Premium yoga mat-970
Stainless-steel-water-bottle-new-971,Stainless Steel Water Bottle-971,<p>Double-walled insulated water bottle that keeps drinks cold for 24 hours or hot for 12 hours. BPA-free and environmentally friendly.</p>-971,EcoHydrate-971,Kitchen-971,"water bottle,stainless steel,eco-friendly,hydration-971",True-971,SSWB-001-971,24.99,29.99,True-971,True-971,shopify-971,50-971,deny-971,manual-971,0.35-971,kg-971,https://images.unsplash.com/photo-1602143407151-7111542de6e8-971,1-971,Stainless steel water bottle-971
Handcrafted-ceramic-mug-new-972,Handcrafted Ceramic Mug-972,"<p>Artisan-made ceramic mug, perfect for your morning coffee or tea. Each piece is unique with slight variations in the glaze.</p>-972",ArtisanWares-972,Kitchen-972,"mug,ceramic,handcrafted,coffee-972",True-972,HCM-001-972,18.99,24.99,True-972,True-972,shopify-972,20-972,deny-972,manual-972,0.4-972,kg-972,https://images.unsplash.com/photo-1577937927533-addefece22c3-972,1-972,Handcrafted ceramic mug-972
Organic-cotton-t-shirt-new-973,Organic Cotton T-Shirt-973,<p>Ultra-soft organic cotton t-shirt. Ethically sourced and manufactured. Classic fit suitable for everyday wear.</p>-973,EcoClothing-973,Apparel-973,"t-shirt,organic,cotton,clothing-973",True-973,OCTS-001-973,29.99,34.99,True-973,True-973,shopify-973,30-973,deny-973,manual-973,0.2-973,kg-973,https://images.unsplash.com/photo-1581655353564-df123a1eb820-973,1-973,Organic cotton t-shirt-973
Smart-fitness-tracker-new-974,Smart Fitness Tracker-974,"<p>Advanced fitness tracker with heart rate monitoring, sleep tracking, and smartphone notifications. Water-resistant design for all-day wear.</p>-974",TechFit-974,Electronics-974,"fitness,tracker,smartwatch,health-974",True-974,SFT-001-974,89.99,109.99,True-974,True-974,shopify-974,15-974,deny-974,manual-974,0.05-974,kg-974,https://images.unsplash.com/photo-1575311373937-040b8e1fd5b6-974,1-974,Smart fitness tracker-974
Premium-coffee-beans-new-975,Premium Coffee Beans-975,<p>Freshly roasted specialty coffee beans sourced from sustainable farms. Rich flavor profile with notes of chocolate and caramel.</p>-975,BeanMaster-975,Food-975,"coffee,beans,organic,gourmet-975",True-975,PCB-001-975,14.99,17.99,True-975,True-975,shopify-975,50-975,deny-975,manual-975,0.25-975,kg-975,https://images.unsplash.com/photo-1559056199-641a0ac8b55e-975,1-975,Premium coffee beans package-975
Minimalist-wall-clock-new-976,Minimalist Wall Clock-976,<p>Elegant wall clock with a minimalist design. Silent movement ensures no ticking noise. Perfect for any modern interior.</p>-976,ModernDecor-976,Home Decor-976,"clock,wall,minimalist,home decor-976",True-976,MWC-001-976,49.99,59.99,True-976,True-976,shopify-976,18-976,deny-976,manual-976,0.8-976,kg-976,https://images.unsplash.com/photo-1507985622960-4ce3dce7c7a9-976,1-976,Minimalist wall clock-976
Stainless-steel-water-bottle-new-977,Stainless Steel Water Bottle-977,<p>Double-walled insulated water bottle that keeps drinks cold for 24 hours or hot for 12 hours. BPA-free and environmentally friendly.</p>-977,EcoHydrate-977,Kitchen-977,"water bottle,stainless steel,eco-friendly,hydration-977",True-977,SSWB-001-977,24.99,29.99,True-977,True-977,shopify-977,50-977,deny-977,manual-977,0.35-977,kg-977,https://images.unsplash.com/photo-1602143407151-7111542de6e8-977,1-977,Stainless steel water bottle-977
Modern-desk-lamp-new-978,Modern Desk Lamp-978,<p>A sleek and contemporary desk lamp with adjustable brightness settings. Perfect for your home office.</p>-978,LightCraft-978,Lighting-978,"desk,lamp,office,modern-978",True-978,MDL-001-978,39.99,49.99,True-978,True-978,shopify-978,25-978,deny-978,manual-978,1.2-978,kg-978,https://images.unsplash.com/photo-1534109287734-9595ff4428d5-978,1-978,Modern desk lamp with adjustable arm-978
Modern-desk-lamp-new-979,Modern Desk Lamp-979,<p>A sleek and contemporary desk lamp with adjustable brightness settings. Perfect for your home office.</p>-979,LightCraft-979,Lighting-979,"desk,lamp,office,modern-979",True-979,MDL-001-979,39.99,49.99,True-979,True-979,shopify-979,25-979,deny-979,manual-979,1.2-979,kg-979,https://images.unsplash.com/photo-1534109287734-9595ff4428d5-979,1-979,Modern desk lamp with adjustable arm-979
modern-desk-lamp-new-980,Modern Desk Lamp-980,<p>A sleek and contemporary desk lamp with adjustable brightness settings. Perfect for your home office.</p>-980,LightCraft-980,Lighting-980,"desk,lamp,office,modern-980",True-980,MDL-001-980,39.99,49.99,True-980,True-980,shopify-980,25-980,deny-980,manual-980,1.2-980,kg-980,https://images.unsplash.com/photo-1534109287734-9595ff4428d5-980,1-980,Modern desk lamp with adjustable arm-980
Ergonomic-office-chair-new-981,Ergonomic Office Chair-981,<p>Premium ergonomic office chair with lumbar support and adjustable height. Designed for maximum comfort during long work hours.</p>-981,ComfortSeating-981,Furniture-981,"chair,office,ergonomic,furniture-981",True-981,EOC-001-981,189.99,229.99,True-981,True-981,shopify-981,12-981,deny-981,manual-981,15.5-981,kg-981,https://images.unsplash.com/photo-1505797149-35ebcb016d74-981,1-981,Ergonomic office chair with mesh back-981
Wireless-bluetooth-speaker-new-982,Wireless Bluetooth Speaker-982,<p>Portable Bluetooth speaker with superior sound quality and 12-hour battery life. Waterproof design makes it perfect for outdoor use.</p>-982,SoundWave-982,Electronics-982,"speaker,bluetooth,wireless,audio-982",True-982,WBS-001-982,79.99,99.99,True-982,True-982,shopify-982,30-982,deny-982,manual-982,0.5-982,kg-982,https://images.unsplash.com/photo-1589003077984-894e133dabab-982,1-982,Portable Bluetooth speaker-982
Premium-yoga-mat-new-983,Premium Yoga Mat-983,<p>Extra thick yoga mat made from eco-friendly materials. Non-slip surface provides excellent grip during practice.</p>-983,ZenFitness-983,Fitness-983,"yoga,mat,fitness,exercise-983",True-983,PYM-001-983,45.99,59.99,True-983,True-983,shopify-983,40-983,deny-983,manual-983,1.8-983,kg-983,https://images.unsplash.com/photo-1518611012118-696072aa579a-983,1-983,Premium yoga mat-983
Stainless-steel-water-bottle-new-984,Stainless Steel Water Bottle-984,<p>Double-walled insulated water bottle that keeps drinks cold for 24 hours or hot for 12 hours. BPA-free and environmentally friendly.</p>-984,EcoHydrate-984,Kitchen-984,"water bottle,stainless steel,eco-friendly,hydration-984",True-984,SSWB-001-984,24.99,29.99,True-984,True-984,shopify-984,50-984,deny-984,manual-984,0.35-984,kg-984,https://images.unsplash.com/photo-1602143407151-7111542de6e8-984,1-984,Stainless steel water bottle-984
Handcrafted-ceramic-mug-new-985,Handcrafted Ceramic Mug-985,"<p>Artisan-made ceramic mug, perfect for your morning coffee or tea. Each piece is unique with slight variations in the glaze.</p>-985",ArtisanWares-985,Kitchen-985,"mug,ceramic,handcrafted,coffee-985",True-985,HCM-001-985,18.99,24.99,True-985,True-985,shopify-985,20-985,deny-985,manual-985,0.4-985,kg-985,https://images.unsplash.com/photo-1577937927533-addefece22c3-985,1-985,Handcrafted ceramic mug-985
Organic-cotton-t-shirt-new-986,Organic Cotton T-Shirt-986,<p>Ultra-soft organic cotton t-shirt. Ethically sourced and manufactured. Classic fit suitable for everyday wear.</p>-986,EcoClothing-986,Apparel-986,"t-shirt,organic,cotton,clothing-986",True-986,OCTS-001-986,29.99,34.99,True-986,True-986,shopify-986,30-986,deny-986,manual-986,0.2-986,kg-986,https://images.unsplash.com/photo-1581655353564-df123a1eb820-986,1-986,Organic cotton t-shirt-986
Smart-fitness-tracker-new-987,Smart Fitness Tracker-987,"<p>Advanced fitness tracker with heart rate monitoring, sleep tracking, and smartphone notifications. Water-resistant design for all-day wear.</p>-987",TechFit-987,Electronics-987,"fitness,tracker,smartwatch,health-987",True-987,SFT-001-987,89.99,109.99,True-987,True-987,shopify-987,15-987,deny-987,manual-987,0.05-987,kg-987,https://images.unsplash.com/photo-1575311373937-040b8e1fd5b6-987,1-987,Smart fitness tracker-987
Premium-coffee-beans-new-988,Premium Coffee Beans-988,<p>Freshly roasted specialty coffee beans sourced from sustainable farms. Rich flavor profile with notes of chocolate and caramel.</p>-988,BeanMaster-988,Food-988,"coffee,beans,organic,gourmet-988",True-988,PCB-001-988,14.99,17.99,True-988,True-988,shopify-988,50-988,deny-988,manual-988,0.25-988,kg-988,https://images.unsplash.com/photo-1559056199-641a0ac8b55e-988,1-988,Premium coffee beans package-988
Minimalist-wall-clock-new-989,Minimalist Wall Clock-989,<p>Elegant wall clock with a minimalist design. Silent movement ensures no ticking noise. Perfect for any modern interior.</p>-989,ModernDecor-989,Home Decor-989,"clock,wall,minimalist,home decor-989",True-989,MWC-001-989,49.99,59.99,True-989,True-989,shopify-989,18-989,deny-989,manual-989,0.8-989,kg-989,https://images.unsplash.com/photo-1507985622960-4ce3dce7c7a9-989,1-989,Minimalist wall clock-989
Stainless-steel-water-bottle-new-990,Stainless Steel Water Bottle-990,<p>Double-walled insulated water bottle that keeps drinks cold for 24 hours or hot for 12 hours. BPA-free and environmentally friendly.</p>-990,EcoHydrate-990,Kitchen-990,"water bottle,stainless steel,eco-friendly,hydration-990",True-990,SSWB-001-990,24.99,29.99,True-990,True-990,shopify-990,50-990,deny-990,manual-990,0.35-990,kg-990,https://images.unsplash.com/photo-1602143407151-7111542de6e8-990,1-990,Stainless steel water bottle-990
Modern-desk-lamp-new-991,Modern Desk Lamp-991,<p>A sleek and contemporary desk lamp with adjustable brightness settings. Perfect for your home office.</p>-991,LightCraft-991,Lighting-991,"desk,lamp,office,modern-991",True-991,MDL-001-991,39.99,49.99,True-991,True-991,shopify-991,25-991,deny-991,manual-991,1.2-991,kg-991,https://images.unsplash.com/photo-1534109287734-9595ff4428d5-991,1-991,Modern desk lamp with adjustable arm-991
Modern-desk-lamp-new-992,Modern Desk Lamp-992,<p>A sleek and contemporary desk lamp with adjustable brightness settings. Perfect for your home office.</p>-992,LightCraft-992,Lighting-992,"desk,lamp,office,modern-992",True-992,MDL-001-992,39.99,49.99,True-992,True-992,shopify-992,25-992,deny-992,manual-992,1.2-992,kg-992,https://images.unsplash.com/photo-1534109287734-9595ff4428d5-992,1-992,Modern desk lamp with adjustable arm-992
modern-desk-lamp-new-993,Modern Desk Lamp-993,<p>A sleek and contemporary desk lamp with adjustable brightness settings. Perfect for your home office.</p>-993,LightCraft-993,Lighting-993,"desk,lamp,office,modern-993",True-993,MDL-001-993,39.99,49.99,True-993,True-993,shopify-993,25-993,deny-993,manual-993,1.2-993,kg-993,https://images.unsplash.com/photo-1534109287734-9595ff4428d5-993,1-993,Modern desk lamp with adjustable arm-993
Ergonomic-office-chair-new-994,Ergonomic Office Chair-994,<p>Premium ergonomic office chair with lumbar support and adjustable height. Designed for maximum comfort during long work hours.</p>-994,ComfortSeating-994,Furniture-994,"chair,office,ergonomic,furniture-994",True-994,EOC-001-994,189.99,229.99,True-994,True-994,shopify-994,12-994,deny-994,manual-994,15.5-994,kg-994,https://images.unsplash.com/photo-1505797149-35ebcb016d74-994,1-994,Ergonomic office chair with mesh back-994
Wireless-bluetooth-speaker-new-995,Wireless Bluetooth Speaker-995,<p>Portable Bluetooth speaker with superior sound quality and 12-hour battery life. Waterproof design makes it perfect for outdoor use.</p>-995,SoundWave-995,Electronics-995,"speaker,bluetooth,wireless,audio-995",True-995,WBS-001-995,79.99,99.99,True-995,True-995,shopify-995,30-995,deny-995,manual-995,0.5-995,kg-995,https://images.unsplash.com/photo-1589003077984-894e133dabab-995,1-995,Portable Bluetooth speaker-995
Premium-yoga-mat-new-996,Premium Yoga Mat-996,<p>Extra thick yoga mat made from eco-friendly materials. Non-slip surface provides excellent grip during practice.</p>-996,ZenFitness-996,Fitness-996,"yoga,mat,fitness,exercise-996",True-996,PYM-001-996,45.99,59.99,True-996,True-996,shopify-996,40-996,deny-996,manual-996,1.8-996,kg-996,https://images.unsplash.com/photo-1518611012118-696072aa579a-996,1-996,Premium yoga mat-996
Stainless-steel-water-bottle-new-997,Stainless Steel Water Bottle-997,<p>Double-walled insulated water bottle that keeps drinks cold for 24 hours or hot for 12 hours. BPA-free and environmentally friendly.</p>-997,EcoHydrate-997,Kitchen-997,"water bottle,stainless steel,eco-friendly,hydration-997",True-997,SSWB-001-997,24.99,29.99,True-997,True-997,shopify-997,50-997,deny-997,manual-997,0.35-997,kg-997,https://images.unsplash.com/photo-1602143407151-7111542de6e8-997,1-997,Stainless steel water bottle-997
Handcrafted-ceramic-mug-new-998,Handcrafted Ceramic Mug-998,"<p>Artisan-made ceramic mug, perfect for your morning coffee or tea. Each piece is unique with slight variations in the glaze.</p>-998",ArtisanWares-998,Kitchen-998,"mug,ceramic,handcrafted,coffee-998",True-998,HCM-001-998,18.99,24.99,True-998,True-998,shopify-998,20-998,deny-998,manual-998,0.4-998,kg-998,https://images.unsplash.com/photo-1577937927533-addefece22c3-998,1-998,Handcrafted ceramic mug-998
Organic-cotton-t-shirt-new-999,Organic Cotton T-Shirt-999,<p>Ultra-soft organic cotton t-shirt. Ethically sourced and manufactured. Classic fit suitable for everyday wear.</p>-999,EcoClothing-999,Apparel-999,"t-shirt,organic,cotton,clothing-999",True-999,OCTS-001-999,29.99,34.99,True-999,True-999,shopify-999,30-999,deny-999,manual-999,0.2-999,kg-999,https://images.unsplash.com/photo-1581655353564-df123a1eb820-999,1-999,Organic cotton t-shirt-999
Smart-fitness-tracker-new-1000,Smart Fitness Tracker-1000,"<p>Advanced fitness tracker with heart rate monitoring, sleep tracking, and smartphone notifications. Water-resistant design for all-day wear.</p>-1000",TechFit-1000,Electronics-1000,"fitness,tracker,smartwatch,health-1000",True-1000,SFT-001-1000,89.99,109.99,True-1000,True-1000,shopify-1000,15-1000,deny-1000,manual-1000,0.05-1000,kg-1000,https://images.unsplash.com/photo-1575311373937-040b8e1fd5b6-1000,1-1000,Smart fitness tracker-1000
Premium-coffee-beans-new-1001,Premium Coffee Beans-1001,<p>Freshly roasted specialty coffee beans sourced from sustainable farms. Rich flavor profile with notes of chocolate and caramel.</p>-1001,BeanMaster-1001,Food-1001,"coffee,beans,organic,gourmet-1001",True-1001,PCB-001-1001,14.99,17.99,True-1001,True-1001,shopify-1001,50-1001,deny-1001,manual-1001,0.25-1001,kg-1001,https://images.unsplash.com/photo-1559056199-641a0ac8b55e-1001,1-1001,Premium coffee beans package-1001
Minimalist-wall-clock-new-1002,Minimalist Wall Clock-1002,<p>Elegant wall clock with a minimalist design. Silent movement ensures no ticking noise. Perfect for any modern interior.</p>-1002,ModernDecor-1002,Home Decor-1002,"clock,wall,minimalist,home decor-1002",True-1002,MWC-001-1002,49.99,59.99,True-1002,True-1002,shopify-1002,18-1002,deny-1002,manual-1002,0.8-1002,kg-1002,https://images.unsplash.com/photo-1507985622960-4ce3dce7c7a9-1002,1-1002,Minimalist wall clock-1002
Stainless-steel-water-bottle-new-1003,Stainless Steel Water Bottle-1003,<p>Double-walled insulated water bottle that keeps drinks cold for 24 hours or hot for 12 hours. BPA-free and environmentally friendly.</p>-1003,EcoHydrate-1003,Kitchen-1003,"water bottle,stainless steel,eco-friendly,hydration-1003",True-1003,SSWB-001-1003,24.99,29.99,True-1003,True-1003,shopify-1003,50-1003,deny-1003,manual-1003,0.35-1003,kg-1003,https://images.unsplash.com/photo-1602143407151-7111542de6e8-1003,1-1003,Stainless steel water bottle-1003
Modern-desk-lamp-new-1004,Modern Desk Lamp-1004,<p>A sleek and contemporary desk lamp with adjustable brightness settings. Perfect for your home office.</p>-1004,LightCraft-1004,Lighting-1004,"desk,lamp,office,modern-1004",True-1004,MDL-001-1004,39.99,49.99,True-1004,True-1004,shopify-1004,25-1004,deny-1004,manual-1004,1.2-1004,kg-1004,https://images.unsplash.com/photo-1534109287734-9595ff4428d5-1004,1-1004,Modern desk lamp with adjustable arm-1004
Modern-desk-lamp-new-1005,Modern Desk Lamp-1005,<p>A sleek and contemporary desk lamp with adjustable brightness settings. Perfect for your home office.</p>-1005,LightCraft-1005,Lighting-1005,"desk,lamp,office,modern-1005",True-1005,MDL-001-1005,39.99,49.99,True-1005,True-1005,shopify-1005,25-1005,deny-1005,manual-1005,1.2-1005,kg-1005,https://images.unsplash.com/photo-1534109287734-9595ff4428d5-1005,1-1005,Modern desk lamp with adjustable arm-1005
modern-desk-lamp-new-1006,Modern Desk Lamp-1006,<p>A sleek and contemporary desk lamp with adjustable brightness settings. Perfect for your home office.</p>-1006,LightCraft-1006,Lighting-1006,"desk,lamp,office,modern-1006",True-1006,MDL-001-1006,39.99,49.99,True-1006,True-1006,shopify-1006,25-1006,deny-1006,manual-1006,1.2-1006,kg-1006,https://images.unsplash.com/photo-1534109287734-9595ff4428d5-1006,1-1006,Modern desk lamp with adjustable arm-1006
Ergonomic-office-chair-new-1007,Ergonomic Office Chair-1007,<p>Premium ergonomic office chair with lumbar support and adjustable height. Designed for maximum comfort during long work hours.</p>-1007,ComfortSeating-1007,Furniture-1007,"chair,office,ergonomic,furniture-1007",True-1007,EOC-001-1007,189.99,229.99,True-1007,True-1007,shopify-1007,12-1007,deny-1007,manual-1007,15.5-1007,kg-1007,https://images.unsplash.com/photo-1505797149-35ebcb016d74-1007,1-1007,Ergonomic office chair with mesh back-1007
Wireless-bluetooth-speaker-new-1008,Wireless Bluetooth Speaker-1008,<p>Portable Bluetooth speaker with superior sound quality and 12-hour battery life. Waterproof design makes it perfect for outdoor use.</p>-1008,SoundWave-1008,Electronics-1008,"speaker,bluetooth,wireless,audio-1008",True-1008,WBS-001-1008,79.99,99.99,True-1008,True-1008,shopify-1008,30-1008,deny-1008,manual-1008,0.5-1008,kg-1008,https://images.unsplash.com/photo-1589003077984-894e133dabab-1008,1-1008,Portable Bluetooth speaker-1008
Premium-yoga-mat-new-1009,Premium Yoga Mat-1009,<p>Extra thick yoga mat made from eco-friendly materials. Non-slip surface provides excellent grip during practice.</p>-1009,ZenFitness-1009,Fitness-1009,"yoga,mat,fitness,exercise-1009",True-1009,PYM-001-1009,45.99,59.99,True-1009,True-1009,shopify-1009,40-1009,deny-1009,manual-1009,1.8-1009,kg-1009,https://images.unsplash.com/photo-1518611012118-696072aa579a-1009,1-1009,Premium yoga mat-1009
Stainless-steel-water-bottle-new-1010,Stainless Steel Water Bottle-1010,<p>Double-walled insulated water bottle that keeps drinks cold for 24 hours or hot for 12 hours. BPA-free and environmentally friendly.</p>-1010,EcoHydrate-1010,Kitchen-1010,"water bottle,stainless steel,eco-friendly,hydration-1010",True-1010,SSWB-001-1010,24.99,29.99,True-1010,True-1010,shopify-1010,50-1010,deny-1010,manual-1010,0.35-1010,kg-1010,https://images.unsplash.com/photo-1602143407151-7111542de6e8-1010,1-1010,Stainless steel water bottle-1010
Handcrafted-ceramic-mug-new-1011,Handcrafted Ceramic Mug-1011,"<p>Artisan-made ceramic mug, perfect for your morning coffee or tea. Each piece is unique with slight variations in the glaze.</p>-1011",ArtisanWares-1011,Kitchen-1011,"mug,ceramic,handcrafted,coffee-1011",True-1011,HCM-001-1011,18.99,24.99,True-1011,True-1011,shopify-1011,20-1011,deny-1011,manual-1011,0.4-1011,kg-1011,https://images.unsplash.com/photo-1577937927533-addefece22c3-1011,1-1011,Handcrafted ceramic mug-1011
Organic-cotton-t-shirt-new-1012,Organic Cotton T-Shirt-1012,<p>Ultra-soft organic cotton t-shirt. Ethically sourced and manufactured. Classic fit suitable for everyday wear.</p>-1012,EcoClothing-1012,Apparel-1012,"t-shirt,organic,cotton,clothing-1012",True-1012,OCTS-001-1012,29.99,34.99,True-1012,True-1012,shopify-1012,30-1012,deny-1012,manual-1012,0.2-1012,kg-1012,https://images.unsplash.com/photo-1581655353564-df123a1eb820-1012,1-1012,Organic cotton t-shirt-1012
Smart-fitness-tracker-new-1013,Smart Fitness Tracker-1013,"<p>Advanced fitness tracker with heart rate monitoring, sleep tracking, and smartphone notifications. Water-resistant design for all-day wear.</p>-1013",TechFit-1013,Electronics-1013,"fitness,tracker,smartwatch,health-1013",True-1013,SFT-001-1013,89.99,109.99,True-1013,True-1013,shopify-1013,15-1013,deny-1013,manual-1013,0.05-1013,kg-1013,https://images.unsplash.com/photo-1575311373937-040b8e1fd5b6-1013,1-1013,Smart fitness tracker-1013
Premium-coffee-beans-new-1014,Premium Coffee Beans-1014,<p>Freshly roasted specialty coffee beans sourced from sustainable farms. Rich flavor profile with notes of chocolate and caramel.</p>-1014,BeanMaster-1014,Food-1014,"coffee,beans,organic,gourmet-1014",True-1014,PCB-001-1014,14.99,17.99,True-1014,True-1014,shopify-1014,50-1014,deny-1014,manual-1014,0.25-1014,kg-1014,https://images.unsplash.com/photo-1559056199-641a0ac8b55e-1014,1-1014,Premium coffee beans package-1014
Minimalist-wall-clock-new-1015,Minimalist Wall Clock-1015,<p>Elegant wall clock with a minimalist design. Silent movement ensures no ticking noise. Perfect for any modern interior.</p>-1015,ModernDecor-1015,Home Decor-1015,"clock,wall,minimalist,home decor-1015",True-1015,MWC-001-1015,49.99,59.99,True-1015,True-1015,shopify-1015,18-1015,deny-1015,manual-1015,0.8-1015,kg-1015,https://images.unsplash.com/photo-1507985622960-4ce3dce7c7a9-1015,1-1015,Minimalist wall clock-1015
Stainless-steel-water-bottle-new-1016,Stainless Steel Water Bottle-1016,<p>Double-walled insulated water bottle that keeps drinks cold for 24 hours or hot for 12 hours. BPA-free and environmentally friendly.</p>-1016,EcoHydrate-1016,Kitchen-1016,"water bottle,stainless steel,eco-friendly,hydration-1016",True-1016,SSWB-001-1016,24.99,29.99,True-1016,True-1016,shopify-1016,50-1016,deny-1016,manual-1016,0.35-1016,kg-1016,https://images.unsplash.com/photo-1602143407151-7111542de6e8-1016,1-1016,Stainless steel water bottle-1016
Modern-desk-lamp-new-1017,Modern Desk Lamp-1017,<p>A sleek and contemporary desk lamp with adjustable brightness settings. Perfect for your home office.</p>-1017,LightCraft-1017,Lighting-1017,"desk,lamp,office,modern-1017",True-1017,MDL-001-1017,39.99,49.99,True-1017,True-1017,shopify-1017,25-1017,deny-1017,manual-1017,1.2-1017,kg-1017,https://images.unsplash.com/photo-1534109287734-9595ff4428d5-1017,1-1017,Modern desk lamp with adjustable arm-1017
Modern-desk-lamp-new-1018,Modern Desk Lamp-1018,<p>A sleek and contemporary desk lamp with adjustable brightness settings. Perfect for your home office.</p>-1018,LightCraft-1018,Lighting-1018,"desk,lamp,office,modern-1018",True-1018,MDL-001-1018,39.99,49.99,True-1018,True-1018,shopify-1018,25-1018,deny-1018,manual-1018,1.2-1018,kg-1018,https://images.unsplash.com/photo-1534109287734-9595ff4428d5-1018,1-1018,Modern desk lamp with adjustable arm-1018
modern-desk-lamp-new-1019,Modern Desk Lamp-1019,<p>A sleek and contemporary desk lamp with adjustable brightness settings. Perfect for your home office.</p>-1019,LightCraft-1019,Lighting-1019,"desk,lamp,office,modern-1019",True-1019,MDL-001-1019,39.99,49.99,True-1019,True-1019,shopify-1019,25-1019,deny-1019,manual-1019,1.2-1019,kg-1019,https://images.unsplash.com/photo-1534109287734-9595ff4428d5-1019,1-1019,Modern desk lamp with adjustable arm-1019
Ergonomic-office-chair-new-1020,Ergonomic Office Chair-1020,<p>Premium ergonomic office chair with lumbar support and adjustable height. Designed for maximum comfort during long work hours.</p>-1020,ComfortSeating-1020,Furniture-1020,"chair,office,ergonomic,furniture-1020",True-1020,EOC-001-1020,189.99,229.99,True-1020,True-1020,shopify-1020,12-1020,deny-1020,manual-1020,15.5-1020,kg-1020,https://images.unsplash.com/photo-1505797149-35ebcb016d74-1020,1-1020,Ergonomic office chair with mesh back-1020
Wireless-bluetooth-speaker-new-1021,Wireless Bluetooth Speaker-1021,<p>Portable Bluetooth speaker with superior sound quality and 12-hour battery life. Waterproof design makes it perfect for outdoor use.</p>-1021,SoundWave-1021,Electronics-1021,"speaker,bluetooth,wireless,audio-1021",True-1021,WBS-001-1021,79.99,99.99,True-1021,True-1021,shopify-1021,30-1021,deny-1021,manual-1021,0.5-1021,kg-1021,https://images.unsplash.com/photo-1589003077984-894e133dabab-1021,1-1021,Portable Bluetooth speaker-1021
Premium-yoga-mat-new-1022,Premium Yoga Mat-1022,<p>Extra thick yoga mat made from eco-friendly materials. Non-slip surface provides excellent grip during practice.</p>-1022,ZenFitness-1022,Fitness-1022,"yoga,mat,fitness,exercise-1022",True-1022,PYM-001-1022,45.99,59.99,True-1022,True-1022,shopify-1022,40-1022,deny-1022,manual-1022,1.8-1022,kg-1022,https://images.unsplash.com/photo-1518611012118-696072aa579a-1022,1-1022,Premium yoga mat-1022
Stainless-steel-water-bottle-new-1023,Stainless Steel Water Bottle-1023,<p>Double-walled insulated water bottle that keeps drinks cold for 24 hours or hot for 12 hours. BPA-free and environmentally friendly.</p>-1023,EcoHydrate-1023,Kitchen-1023,"water bottle,stainless steel,eco-friendly,hydration-1023",True-1023,SSWB-001-1023,24.99,29.99,True-1023,True-1023,shopify-1023,50-1023,deny-1023,manual-1023,0.35-1023,kg-1023,https://images.unsplash.com/photo-1602143407151-7111542de6e8-1023,1-1023,Stainless steel water bottle-1023
Handcrafted-ceramic-mug-new-1024,Handcrafted Ceramic Mug-1024,"<p>Artisan-made ceramic mug, perfect for your morning coffee or tea. Each piece is unique with slight variations in the glaze.</p>-1024",ArtisanWares-1024,Kitchen-1024,"mug,ceramic,handcrafted,coffee-1024",True-1024,HCM-001-1024,18.99,24.99,True-1024,True-1024,shopify-1024,20-1024,deny-1024,manual-1024,0.4-1024,kg-1024,https://images.unsplash.com/photo-1577937927533-addefece22c3-1024,1-1024,Handcrafted ceramic mug-1024
Organic-cotton-t-shirt-new-1025,Organic Cotton T-Shirt-1025,<p>Ultra-soft organic cotton t-shirt. Ethically sourced and manufactured. Classic fit suitable for everyday wear.</p>-1025,EcoClothing-1025,Apparel-1025,"t-shirt,organic,cotton,clothing-1025",True-1025,OCTS-001-1025,29.99,34.99,True-1025,True-1025,shopify-1025,30-1025,deny-1025,manual-1025,0.2-1025,kg-1025,https://images.unsplash.com/photo-1581655353564-df123a1eb820-1025,1-1025,Organic cotton t-shirt-1025
Smart-fitness-tracker-new-1026,Smart Fitness Tracker-1026,"<p>Advanced fitness tracker with heart rate monitoring, sleep tracking, and smartphone notifications. Water-resistant design for all-day wear.</p>-1026",TechFit-1026,Electronics-1026,"fitness,tracker,smartwatch,health-1026",True-1026,SFT-001-1026,89.99,109.99,True-1026,True-1026,shopify-1026,15-1026,deny-1026,manual-1026,0.05-1026,kg-1026,https://images.unsplash.com/photo-1575311373937-040b8e1fd5b6-1026,1-1026,Smart fitness tracker-1026
Premium-coffee-beans-new-1027,Premium Coffee Beans-1027,<p>Freshly roasted specialty coffee beans sourced from sustainable farms. Rich flavor profile with notes of chocolate and caramel.</p>-1027,BeanMaster-1027,Food-1027,"coffee,beans,organic,gourmet-1027",True-1027,PCB-001-1027,14.99,17.99,True-1027,True-1027,shopify-1027,50-1027,deny-1027,manual-1027,0.25-1027,kg-1027,https://images.unsplash.com/photo-1559056199-641a0ac8b55e-1027,1-1027,Premium coffee beans package-1027
Minimalist-wall-clock-new-1028,Minimalist Wall Clock-1028,<p>Elegant wall clock with a minimalist design. Silent movement ensures no ticking noise. Perfect for any modern interior.</p>-1028,ModernDecor-1028,Home Decor-1028,"clock,wall,minimalist,home decor-1028",True-1028,MWC-001-1028,49.99,59.99,True-1028,True-1028,shopify-1028,18-1028,deny-1028,manual-1028,0.8-1028,kg-1028,https://images.unsplash.com/photo-1507985622960-4ce3dce7c7a9-1028,1-1028,Minimalist wall clock-1028
Stainless-steel-water-bottle-new-1029,Stainless Steel Water Bottle-1029,<p>Double-walled insulated water bottle that keeps drinks cold for 24 hours or hot for 12 hours. BPA-free and environmentally friendly.</p>-1029,EcoHydrate-1029,Kitchen-1029,"water bottle,stainless steel,eco-friendly,hydration-1029",True-1029,SSWB-001-1029,24.99,29.99,True-1029,True-1029,shopify-1029,50-1029,deny-1029,manual-1029,0.35-1029,kg-1029,https://images.unsplash.com/photo-1602143407151-7111542de6e8-1029,1-1029,Stainless steel water bottle-1029
Modern-desk-lamp-new-1030,Modern Desk Lamp-1030,<p>A sleek and contemporary desk lamp with adjustable brightness settings. Perfect for your home office.</p>-1030,LightCraft-1030,Lighting-1030,"desk,lamp,office,modern-1030",True-1030,MDL-001-1030,39.99,49.99,True-1030,True-1030,shopify-1030,25-1030,deny-1030,manual-1030,1.2-1030,kg-1030,https://images.unsplash.com/photo-1534109287734-9595ff4428d5-1030,1-1030,Modern desk lamp with adjustable arm-1030
Modern-desk-lamp-new-1031,Modern Desk Lamp-1031,<p>A sleek and contemporary desk lamp with adjustable brightness settings. Perfect for your home office.</p>-1031,LightCraft-1031,Lighting-1031,"desk,lamp,office,modern-1031",True-1031,MDL-001-1031,39.99,49.99,True-1031,True-1031,shopify-1031,25-1031,deny-1031,manual-1031,1.2-1031,kg-1031,https://images.unsplash.com/photo-1534109287734-9595ff4428d5-1031,1-1031,Modern desk lamp with adjustable arm-1031
modern-desk-lamp-new-1032,Modern Desk Lamp-1032,<p>A sleek and contemporary desk lamp with adjustable brightness settings. Perfect for your home office.</p>-1032,LightCraft-1032,Lighting-1032,"desk,lamp,office,modern-1032",True-1032,MDL-001-1032,39.99,49.99,True-1032,True-1032,shopify-1032,25-1032,deny-1032,manual-1032,1.2-1032,kg-1032,https://images.unsplash.com/photo-1534109287734-9595ff4428d5-1032,1-1032,Modern desk lamp with adjustable arm-1032
Ergonomic-office-chair-new-1033,Ergonomic Office Chair-1033,<p>Premium ergonomic office chair with lumbar support and adjustable height. Designed for maximum comfort during long work hours.</p>-1033,ComfortSeating-1033,Furniture-1033,"chair,office,ergonomic,furniture-1033",True-1033,EOC-001-1033,189.99,229.99,True-1033,True-1033,shopify-1033,12-1033,deny-1033,manual-1033,15.5-1033,kg-1033,https://images.unsplash.com/photo-1505797149-35ebcb016d74-1033,1-1033,Ergonomic office chair with mesh back-1033
Wireless-bluetooth-speaker-new-1034,Wireless Bluetooth Speaker-1034,<p>Portable Bluetooth speaker with superior sound quality and 12-hour battery life. Waterproof design makes it perfect for outdoor use.</p>-1034,SoundWave-1034,Electronics-1034,"speaker,bluetooth,wireless,audio-1034",True-1034,WBS-001-1034,79.99,99.99,True-1034,True-1034,shopify-1034,30-1034,deny-1034,manual-1034,0.5-1034,kg-1034,https://images.unsplash.com/photo-1589003077984-894e133dabab-1034,1-1034,Portable Bluetooth speaker-1034
Premium-yoga-mat-new-1035,Premium Yoga Mat-1035,<p>Extra thick yoga mat made from eco-friendly materials. Non-slip surface provides excellent grip during practice.</p>-1035,ZenFitness-1035,Fitness-1035,"yoga,mat,fitness,exercise-1035",True-1035,PYM-001-1035,45.99,59.99,True-1035,True-1035,shopify-1035,40-1035,deny-1035,manual-1035,1.8-1035,kg-1035,https://images.unsplash.com/photo-1518611012118-696072aa579a-1035,1-1035,Premium yoga mat-1035
Stainless-steel-water-bottle-new-1036,Stainless Steel Water Bottle-1036,<p>Double-walled insulated water bottle that keeps drinks cold for 24 hours or hot for 12 hours. BPA-free and environmentally friendly.</p>-1036,EcoHydrate-1036,Kitchen-1036,"water bottle,stainless steel,eco-friendly,hydration-1036",True-1036,SSWB-001-1036,24.99,29.99,True-1036,True-1036,shopify-1036,50-1036,deny-1036,manual-1036,0.35-1036,kg-1036,https://images.unsplash.com/photo-1602143407151-7111542de6e8-1036,1-1036,Stainless steel water bottle-1036
Handcrafted-ceramic-mug-new-1037,Handcrafted Ceramic Mug-1037,"<p>Artisan-made ceramic mug, perfect for your morning coffee or tea. Each piece is unique with slight variations in the glaze.</p>-1037",ArtisanWares-1037,Kitchen-1037,"mug,ceramic,handcrafted,coffee-1037",True-1037,HCM-001-1037,18.99,24.99,True-1037,True-1037,shopify-1037,20-1037,deny-1037,manual-1037,0.4-1037,kg-1037,https://images.unsplash.com/photo-1577937927533-addefece22c3-1037,1-1037,Handcrafted ceramic mug-1037
Organic-cotton-t-shirt-new-1038,Organic Cotton T-Shirt-1038,<p>Ultra-soft organic cotton t-shirt. Ethically sourced and manufactured. Classic fit suitable for everyday wear.</p>-1038,EcoClothing-1038,Apparel-1038,"t-shirt,organic,cotton,clothing-1038",True-1038,OCTS-001-1038,29.99,34.99,True-1038,True-1038,shopify-1038,30-1038,deny-1038,manual-1038,0.2-1038,kg-1038,https://images.unsplash.com/photo-1581655353564-df123a1eb820-1038,1-1038,Organic cotton t-shirt-1038
Smart-fitness-tracker-new-1039,Smart Fitness Tracker-1039,"<p>Advanced fitness tracker with heart rate monitoring, sleep tracking, and smartphone notifications. Water-resistant design for all-day wear.</p>-1039",TechFit-1039,Electronics-1039,"fitness,tracker,smartwatch,health-1039",True-1039,SFT-001-1039,89.99,109.99,True-1039,True-1039,shopify-1039,15-1039,deny-1039,manual-1039,0.05-1039,kg-1039,https://images.unsplash.com/photo-1575311373937-040b8e1fd5b6-1039,1-1039,Smart fitness tracker-1039
Premium-coffee-beans-new-1040,Premium Coffee Beans-1040,<p>Freshly roasted specialty coffee beans sourced from sustainable farms. Rich flavor profile with notes of chocolate and caramel.</p>-1040,BeanMaster-1040,Food-1040,"coffee,beans,organic,gourmet-1040",True-1040,PCB-001-1040,14.99,17.99,True-1040,True-1040,shopify-1040,50-1040,deny-1040,manual-1040,0.25-1040,kg-1040,https://images.unsplash.com/photo-1559056199-641a0ac8b55e-1040,1-1040,Premium coffee beans package-1040
Minimalist-wall-clock-new-1041,Minimalist Wall Clock-1041,<p>Elegant wall clock with a minimalist design. Silent movement ensures no ticking noise. Perfect for any modern interior.</p>-1041,ModernDecor-1041,Home Decor-1041,"clock,wall,minimalist,home decor-1041",True-1041,MWC-001-1041,49.99,59.99,True-1041,True-1041,shopify-1041,18-1041,deny-1041,manual-1041,0.8-1041,kg-1041,https://images.unsplash.com/photo-1507985622960-4ce3dce7c7a9-1041,1-1041,Minimalist wall clock-1041
Stainless-steel-water-bottle-new-1042,Stainless Steel Water Bottle-1042,<p>Double-walled insulated water bottle that keeps drinks cold for 24 hours or hot for 12 hours. BPA-free and environmentally friendly.</p>-1042,EcoHydrate-1042,Kitchen-1042,"water bottle,stainless steel,eco-friendly,hydration-1042",True-1042,SSWB-001-1042,24.99,29.99,True-1042,True-1042,shopify-1042,50-1042,deny-1042,manual-1042,0.35-1042,kg-1042,https://images.unsplash.com/photo-1602143407151-7111542de6e8-1042,1-1042,Stainless steel water bottle-1042
Modern-desk-lamp-new-1043,Modern Desk Lamp-1043,<p>A sleek and contemporary desk lamp with adjustable brightness settings. Perfect for your home office.</p>-1043,LightCraft-1043,Lighting-1043,"desk,lamp,office,modern-1043",True-1043,MDL-001-1043,39.99,49.99,True-1043,True-1043,shopify-1043,25-1043,deny-1043,manual-1043,1.2-1043,kg-1043,https://images.unsplash.com/photo-1534109287734-9595ff4428d5-1043,1-1043,Modern desk lamp with adjustable arm-1043
Modern-desk-lamp-new-1044,Modern Desk Lamp-1044,<p>A sleek and contemporary desk lamp with adjustable brightness settings. Perfect for your home office.</p>-1044,LightCraft-1044,Lighting-1044,"desk,lamp,office,modern-1044",True-1044,MDL-001-1044,39.99,49.99,True-1044,True-1044,shopify-1044,25-1044,deny-1044,manual-1044,1.2-1044,kg-1044,https://images.unsplash.com/photo-1534109287734-9595ff4428d5-1044,1-1044,Modern desk lamp with adjustable arm-1044
modern-desk-lamp-new-1045,Modern Desk Lamp-1045,<p>A sleek and contemporary desk lamp with adjustable brightness settings. Perfect for your home office.</p>-1045,LightCraft-1045,Lighting-1045,"desk,lamp,office,modern-1045",True-1045,MDL-001-1045,39.99,49.99,True-1045,True-1045,shopify-1045,25-1045,deny-1045,manual-1045,1.2-1045,kg-1045,https://images.unsplash.com/photo-1534109287734-9595ff4428d5-1045,1-1045,Modern desk lamp with adjustable arm-1045
Ergonomic-office-chair-new-1046,Ergonomic Office Chair-1046,<p>Premium ergonomic office chair with lumbar support and adjustable height. Designed for maximum comfort during long work hours.</p>-1046,ComfortSeating-1046,Furniture-1046,"chair,office,ergonomic,furniture-1046",True-1046,EOC-001-1046,189.99,229.99,True-1046,True-1046,shopify-1046,12-1046,deny-1046,manual-1046,15.5-1046,kg-1046,https://images.unsplash.com/photo-1505797149-35ebcb016d74-1046,1-1046,Ergonomic office chair with mesh back-1046
Wireless-bluetooth-speaker-new-1047,Wireless Bluetooth Speaker-1047,<p>Portable Bluetooth speaker with superior sound quality and 12-hour battery life. Waterproof design makes it perfect for outdoor use.</p>-1047,SoundWave-1047,Electronics-1047,"speaker,bluetooth,wireless,audio-1047",True-1047,WBS-001-1047,79.99,99.99,True-1047,True-1047,shopify-1047,30-1047,deny-1047,manual-1047,0.5-1047,kg-1047,https://images.unsplash.com/photo-1589003077984-894e133dabab-1047,1-1047,Portable Bluetooth speaker-1047
Premium-yoga-mat-new-1048,Premium Yoga Mat-1048,<p>Extra thick yoga mat made from eco-friendly materials. Non-slip surface provides excellent grip during practice.</p>-1048,ZenFitness-1048,Fitness-1048,"yoga,mat,fitness,exercise-1048",True-1048,PYM-001-1048,45.99,59.99,True-1048,True-1048,shopify-1048,40-1048,deny-1048,manual-1048,1.8-1048,kg-1048,https://images.unsplash.com/photo-1518611012118-696072aa579a-1048,1-1048,Premium yoga mat-1048
Stainless-steel-water-bottle-new-1049,Stainless Steel Water Bottle-1049,<p>Double-walled insulated water bottle that keeps drinks cold for 24 hours or hot for 12 hours. BPA-free and environmentally friendly.</p>-1049,EcoHydrate-1049,Kitchen-1049,"water bottle,stainless steel,eco-friendly,hydration-1049",True-1049,SSWB-001-1049,24.99,29.99,True-1049,True-1049,shopify-1049,50-1049,deny-1049,manual-1049,0.35-1049,kg-1049,https://images.unsplash.com/photo-1602143407151-7111542de6e8-1049,1-1049,Stainless steel water bottle-1049
Handcrafted-ceramic-mug-new-1050,Handcrafted Ceramic Mug-1050,"<p>Artisan-made ceramic mug, perfect for your morning coffee or tea. Each piece is unique with slight variations in the glaze.</p>-1050",ArtisanWares-1050,Kitchen-1050,"mug,ceramic,handcrafted,coffee-1050",True-1050,HCM-001-1050,18.99,24.99,True-1050,True-1050,shopify-1050,20-1050,deny-1050,manual-1050,0.4-1050,kg-1050,https://images.unsplash.com/photo-1577937927533-addefece22c3-1050,1-1050,Handcrafted ceramic mug-1050
Organic-cotton-t-shirt-new-1051,Organic Cotton T-Shirt-1051,<p>Ultra-soft organic cotton t-shirt. Ethically sourced and manufactured. Classic fit suitable for everyday wear.</p>-1051,EcoClothing-1051,Apparel-1051,"t-shirt,organic,cotton,clothing-1051",True-1051,OCTS-001-1051,29.99,34.99,True-1051,True-1051,shopify-1051,30-1051,deny-1051,manual-1051,0.2-1051,kg-1051,https://images.unsplash.com/photo-1581655353564-df123a1eb820-1051,1-1051,Organic cotton t-shirt-1051
Smart-fitness-tracker-new-1052,Smart Fitness Tracker-1052,"<p>Advanced fitness tracker with heart rate monitoring, sleep tracking, and smartphone notifications. Water-resistant design for all-day wear.</p>-1052",TechFit-1052,Electronics-1052,"fitness,tracker,smartwatch,health-1052",True-1052,SFT-001-1052,89.99,109.99,True-1052,True-1052,shopify-1052,15-1052,deny-1052,manual-1052,0.05-1052,kg-1052,https://images.unsplash.com/photo-1575311373937-040b8e1fd5b6-1052,1-1052,Smart fitness tracker-1052
Premium-coffee-beans-new-1053,Premium Coffee Beans-1053,<p>Freshly roasted specialty coffee beans sourced from sustainable farms. Rich flavor profile with notes of chocolate and caramel.</p>-1053,BeanMaster-1053,Food-1053,"coffee,beans,organic,gourmet-1053",True-1053,PCB-001-1053,14.99,17.99,True-1053,True-1053,shopify-1053,50-1053,deny-1053,manual-1053,0.25-1053,kg-1053,https://images.unsplash.com/photo-1559056199-641a0ac8b55e-1053,1-1053,Premium coffee beans package-1053
Minimalist-wall-clock-new-1054,Minimalist Wall Clock-1054,<p>Elegant wall clock with a minimalist design. Silent movement ensures no ticking noise. Perfect for any modern interior.</p>-1054,ModernDecor-1054,Home Decor-1054,"clock,wall,minimalist,home decor-1054",True-1054,MWC-001-1054,49.99,59.99,True-1054,True-1054,shopify-1054,18-1054,deny-1054,manual-1054,0.8-1054,kg-1054,https://images.unsplash.com/photo-1507985622960-4ce3dce7c7a9-1054,1-1054,Minimalist wall clock-1054
Stainless-steel-water-bottle-new-1055,Stainless Steel Water Bottle-1055,<p>Double-walled insulated water bottle that keeps drinks cold for 24 hours or hot for 12 hours. BPA-free and environmentally friendly.</p>-1055,EcoHydrate-1055,Kitchen-1055,"water bottle,stainless steel,eco-friendly,hydration-1055",True-1055,SSWB-001-1055,24.99,29.99,True-1055,True-1055,shopify-1055,50-1055,deny-1055,manual-1055,0.35-1055,kg-1055,https://images.unsplash.com/photo-1602143407151-7111542de6e8-1055,1-1055,Stainless steel water bottle-1055
Modern-desk-lamp-new-1056,Modern Desk Lamp-1056,<p>A sleek and contemporary desk lamp with adjustable brightness settings. Perfect for your home office.</p>-1056,LightCraft-1056,Lighting-1056,"desk,lamp,office,modern-1056",True-1056,MDL-001-1056,39.99,49.99,True-1056,True-1056,shopify-1056,25-1056,deny-1056,manual-1056,1.2-1056,kg-1056,https://images.unsplash.com/photo-1534109287734-9595ff4428d5-1056,1-1056,Modern desk lamp with adjustable arm-1056
Modern-desk-lamp-new-1057,Modern Desk Lamp-1057,<p>A sleek and contemporary desk lamp with adjustable brightness settings. Perfect for your home office.</p>-1057,LightCraft-1057,Lighting-1057,"desk,lamp,office,modern-1057",True-1057,MDL-001-1057,39.99,49.99,True-1057,True-1057,shopify-1057,25-1057,deny-1057,manual-1057,1.2-1057,kg-1057,https://images.unsplash.com/photo-1534109287734-9595ff4428d5-1057,1-1057,Modern desk lamp with adjustable arm-1057
modern-desk-lamp-new-1058,Modern Desk Lamp-1058,<p>A sleek and contemporary desk lamp with adjustable brightness settings. Perfect for your home office.</p>-1058,LightCraft-1058,Lighting-1058,"desk,lamp,office,modern-1058",True-1058,MDL-001-1058,39.99,49.99,True-1058,True-1058,shopify-1058,25-1058,deny-1058,manual-1058,1.2-1058,kg-1058,https://images.unsplash.com/photo-1534109287734-9595ff4428d5-1058,1-1058,Modern desk lamp with adjustable arm-1058
Ergonomic-office-chair-new-1059,Ergonomic Office Chair-1059,<p>Premium ergonomic office chair with lumbar support and adjustable height. Designed for maximum comfort during long work hours.</p>-1059,ComfortSeating-1059,Furniture-1059,"chair,office,ergonomic,furniture-1059",True-1059,EOC-001-1059,189.99,229.99,True-1059,True-1059,shopify-1059,12-1059,deny-1059,manual-1059,15.5-1059,kg-1059,https://images.unsplash.com/photo-1505797149-35ebcb016d74-1059,1-1059,Ergonomic office chair with mesh back-1059
Wireless-bluetooth-speaker-new-1060,Wireless Bluetooth Speaker-1060,<p>Portable Bluetooth speaker with superior sound quality and 12-hour battery life. Waterproof design makes it perfect for outdoor use.</p>-1060,SoundWave-1060,Electronics-1060,"speaker,bluetooth,wireless,audio-1060",True-1060,WBS-001-1060,79.99,99.99,True-1060,True-1060,shopify-1060,30-1060,deny-1060,manual-1060,0.5-1060,kg-1060,https://images.unsplash.com/photo-1589003077984-894e133dabab-1060,1-1060,Portable Bluetooth speaker-1060
Premium-yoga-mat-new-1061,Premium Yoga Mat-1061,<p>Extra thick yoga mat made from eco-friendly materials. Non-slip surface provides excellent grip during practice.</p>-1061,ZenFitness-1061,Fitness-1061,"yoga,mat,fitness,exercise-1061",True-1061,PYM-001-1061,45.99,59.99,True-1061,True-1061,shopify-1061,40-1061,deny-1061,manual-1061,1.8-1061,kg-1061,https://images.unsplash.com/photo-1518611012118-696072aa579a-1061,1-1061,Premium yoga mat-1061
Stainless-steel-water-bottle-new-1062,Stainless Steel Water Bottle-1062,<p>Double-walled insulated water bottle that keeps drinks cold for 24 hours or hot for 12 hours. BPA-free and environmentally friendly.</p>-1062,EcoHydrate-1062,Kitchen-1062,"water bottle,stainless steel,eco-friendly,hydration-1062",True-1062,SSWB-001-1062,24.99,29.99,True-1062,True-1062,shopify-1062,50-1062,deny-1062,manual-1062,0.35-1062,kg-1062,https://images.unsplash.com/photo-1602143407151-7111542de6e8-1062,1-1062,Stainless steel water bottle-1062
Handcrafted-ceramic-mug-new-1063,Handcrafted Ceramic Mug-1063,"<p>Artisan-made ceramic mug, perfect for your morning coffee or tea. Each piece is unique with slight variations in the glaze.</p>-1063",ArtisanWares-1063,Kitchen-1063,"mug,ceramic,handcrafted,coffee-1063",True-1063,HCM-001-1063,18.99,24.99,True-1063,True-1063,shopify-1063,20-1063,deny-1063,manual-1063,0.4-1063,kg-1063,https://images.unsplash.com/photo-1577937927533-addefece22c3-1063,1-1063,Handcrafted ceramic mug-1063
Organic-cotton-t-shirt-new-1064,Organic Cotton T-Shirt-1064,<p>Ultra-soft organic cotton t-shirt. Ethically sourced and manufactured. Classic fit suitable for everyday wear.</p>-1064,EcoClothing-1064,Apparel-1064,"t-shirt,organic,cotton,clothing-1064",True-1064,OCTS-001-1064,29.99,34.99,True-1064,True-1064,shopify-1064,30-1064,deny-1064,manual-1064,0.2-1064,kg-1064,https://images.unsplash.com/photo-1581655353564-df123a1eb820-1064,1-1064,Organic cotton t-shirt-1064
Smart-fitness-tracker-new-1065,Smart Fitness Tracker-1065,"<p>Advanced fitness tracker with heart rate monitoring, sleep tracking, and smartphone notifications. Water-resistant design for all-day wear.</p>-1065",TechFit-1065,Electronics-1065,"fitness,tracker,smartwatch,health-1065",True-1065,SFT-001-1065,89.99,109.99,True-1065,True-1065,shopify-1065,15-1065,deny-1065,manual-1065,0.05-1065,kg-1065,https://images.unsplash.com/photo-1575311373937-040b8e1fd5b6-1065,1-1065,Smart fitness tracker-1065
Premium-coffee-beans-new-1066,Premium Coffee Beans-1066,<p>Freshly roasted specialty coffee beans sourced from sustainable farms. Rich flavor profile with notes of chocolate and caramel.</p>-1066,BeanMaster-1066,Food-1066,"coffee,beans,organic,gourmet-1066",True-1066,PCB-001-1066,14.99,17.99,True-1066,True-1066,shopify-1066,50-1066,deny-1066,manual-1066,0.25-1066,kg-1066,https://images.unsplash.com/photo-1559056199-641a0ac8b55e-1066,1-1066,Premium coffee beans package-1066
Minimalist-wall-clock-new-1067,Minimalist Wall Clock-1067,<p>Elegant wall clock with a minimalist design. Silent movement ensures no ticking noise. Perfect for any modern interior.</p>-1067,ModernDecor-1067,Home Decor-1067,"clock,wall,minimalist,home decor-1067",True-1067,MWC-001-1067,49.99,59.99,True-1067,True-1067,shopify-1067,18-1067,deny-1067,manual-1067,0.8-1067,kg-1067,https://images.unsplash.com/photo-1507985622960-4ce3dce7c7a9-1067,1-1067,Minimalist wall clock-1067
Stainless-steel-water-bottle-new-1068,Stainless Steel Water Bottle-1068,<p>Double-walled insulated water bottle that keeps drinks cold for 24 hours or hot for 12 hours. BPA-free and environmentally friendly.</p>-1068,EcoHydrate-1068,Kitchen-1068,"water bottle,stainless steel,eco-friendly,hydration-1068",True-1068,SSWB-001-1068,24.99,29.99,True-1068,True-1068,shopify-1068,50-1068,deny-1068,manual-1068,0.35-1068,kg-1068,https://images.unsplash.com/photo-1602143407151-7111542de6e8-1068,1-1068,Stainless steel water bottle-1068
Modern-desk-lamp-new-1069,Modern Desk Lamp-1069,<p>A sleek and contemporary desk lamp with adjustable brightness settings. Perfect for your home office.</p>-1069,LightCraft-1069,Lighting-1069,"desk,lamp,office,modern-1069",True-1069,MDL-001-1069,39.99,49.99,True-1069,True-1069,shopify-1069,25-1069,deny-1069,manual-1069,1.2-1069,kg-1069,https://images.unsplash.com/photo-1534109287734-9595ff4428d5-1069,1-1069,Modern desk lamp with adjustable arm-1069
Modern-desk-lamp-new-1070,Modern Desk Lamp-1070,<p>A sleek and contemporary desk lamp with adjustable brightness settings. Perfect for your home office.</p>-1070,LightCraft-1070,Lighting-1070,"desk,lamp,office,modern-1070",True-1070,MDL-001-1070,39.99,49.99,True-1070,True-1070,shopify-1070,25-1070,deny-1070,manual-1070,1.2-1070,kg-1070,https://images.unsplash.com/photo-1534109287734-9595ff4428d5-1070,1-1070,Modern desk lamp with adjustable arm-1070
modern-desk-lamp-new-1071,Modern Desk Lamp-1071,<p>A sleek and contemporary desk lamp with adjustable brightness settings. Perfect for your home office.</p>-1071,LightCraft-1071,Lighting-1071,"desk,lamp,office,modern-1071",True-1071,MDL-001-1071,39.99,49.99,True-1071,True-1071,shopify-1071,25-1071,deny-1071,manual-1071,1.2-1071,kg-1071,https://images.unsplash.com/photo-1534109287734-9595ff4428d5-1071,1-1071,Modern desk lamp with adjustable arm-1071
Ergonomic-office-chair-new-1072,Ergonomic Office Chair-1072,<p>Premium ergonomic office chair with lumbar support and adjustable height. Designed for maximum comfort during long work hours.</p>-1072,ComfortSeating-1072,Furniture-1072,"chair,office,ergonomic,furniture-1072",True-1072,EOC-001-1072,189.99,229.99,True-1072,True-1072,shopify-1072,12-1072,deny-1072,manual-1072,15.5-1072,kg-1072,https://images.unsplash.com/photo-1505797149-35ebcb016d74-1072,1-1072,Ergonomic office chair with mesh back-1072
Wireless-bluetooth-speaker-new-1073,Wireless Bluetooth Speaker-1073,<p>Portable Bluetooth speaker with superior sound quality and 12-hour battery life. Waterproof design makes it perfect for outdoor use.</p>-1073,SoundWave-1073,Electronics-1073,"speaker,bluetooth,wireless,audio-1073",True-1073,WBS-001-1073,79.99,99.99,True-1073,True-1073,shopify-1073,30-1073,deny-1073,manual-1073,0.5-1073,kg-1073,https://images.unsplash.com/photo-1589003077984-894e133dabab-1073,1-1073,Portable Bluetooth speaker-1073
Premium-yoga-mat-new-1074,Premium Yoga Mat-1074,<p>Extra thick yoga mat made from eco-friendly materials. Non-slip surface provides excellent grip during practice.</p>-1074,ZenFitness-1074,Fitness-1074,"yoga,mat,fitness,exercise-1074",True-1074,PYM-001-1074,45.99,59.99,True-1074,True-1074,shopify-1074,40-1074,deny-1074,manual-1074,1.8-1074,kg-1074,https://images.unsplash.com/photo-1518611012118-696072aa579a-1074,1-1074,Premium yoga mat-1074
Stainless-steel-water-bottle-new-1075,Stainless Steel Water Bottle-1075,<p>Double-walled insulated water bottle that keeps drinks cold for 24 hours or hot for 12 hours. BPA-free and environmentally friendly.</p>-1075,EcoHydrate-1075,Kitchen-1075,"water bottle,stainless steel,eco-friendly,hydration-1075",True-1075,SSWB-001-1075,24.99,29.99,True-1075,True-1075,shopify-1075,50-1075,deny-1075,manual-1075,0.35-1075,kg-1075,https://images.unsplash.com/photo-1602143407151-7111542de6e8-1075,1-1075,Stainless steel water bottle-1075
Handcrafted-ceramic-mug-new-1076,Handcrafted Ceramic Mug-1076,"<p>Artisan-made ceramic mug, perfect for your morning coffee or tea. Each piece is unique with slight variations in the glaze.</p>-1076",ArtisanWares-1076,Kitchen-1076,"mug,ceramic,handcrafted,coffee-1076",True-1076,HCM-001-1076,18.99,24.99,True-1076,True-1076,shopify-1076,20-1076,deny-1076,manual-1076,0.4-1076,kg-1076,https://images.unsplash.com/photo-1577937927533-addefece22c3-1076,1-1076,Handcrafted ceramic mug-1076
Organic-cotton-t-shirt-new-1077,Organic Cotton T-Shirt-1077,<p>Ultra-soft organic cotton t-shirt. Ethically sourced and manufactured. Classic fit suitable for everyday wear.</p>-1077,EcoClothing-1077,Apparel-1077,"t-shirt,organic,cotton,clothing-1077",True-1077,OCTS-001-1077,29.99,34.99,True-1077,True-1077,shopify-1077,30-1077,deny-1077,manual-1077,0.2-1077,kg-1077,https://images.unsplash.com/photo-1581655353564-df123a1eb820-1077,1-1077,Organic cotton t-shirt-1077
Smart-fitness-tracker-new-1078,Smart Fitness Tracker-1078,"<p>Advanced fitness tracker with heart rate monitoring, sleep tracking, and smartphone notifications. Water-resistant design for all-day wear.</p>-1078",TechFit-1078,Electronics-1078,"fitness,tracker,smartwatch,health-1078",True-1078,SFT-001-1078,89.99,109.99,True-1078,True-1078,shopify-1078,15-1078,deny-1078,manual-1078,0.05-1078,kg-1078,https://images.unsplash.com/photo-1575311373937-040b8e1fd5b6-1078,1-1078,Smart fitness tracker-1078
Premium-coffee-beans-new-1079,Premium Coffee Beans-1079,<p>Freshly roasted specialty coffee beans sourced from sustainable farms. Rich flavor profile with notes of chocolate and caramel.</p>-1079,BeanMaster-1079,Food-1079,"coffee,beans,organic,gourmet-1079",True-1079,PCB-001-1079,14.99,17.99,True-1079,True-1079,shopify-1079,50-1079,deny-1079,manual-1079,0.25-1079,kg-1079,https://images.unsplash.com/photo-1559056199-641a0ac8b55e-1079,1-1079,Premium coffee beans package-1079
Minimalist-wall-clock-new-1080,Minimalist Wall Clock-1080,<p>Elegant wall clock with a minimalist design. Silent movement ensures no ticking noise. Perfect for any modern interior.</p>-1080,ModernDecor-1080,Home Decor-1080,"clock,wall,minimalist,home decor-1080",True-1080,MWC-001-1080,49.99,59.99,True-1080,True-1080,shopify-1080,18-1080,deny-1080,manual-1080,0.8-1080,kg-1080,https://images.unsplash.com/photo-1507985622960-4ce3dce7c7a9-1080,1-1080,Minimalist wall clock-1080
Stainless-steel-water-bottle-new-1081,Stainless Steel Water Bottle-1081,<p>Double-walled insulated water bottle that keeps drinks cold for 24 hours or hot for 12 hours. BPA-free and environmentally friendly.</p>-1081,EcoHydrate-1081,Kitchen-1081,"water bottle,stainless steel,eco-friendly,hydration-1081",True-1081,SSWB-001-1081,24.99,29.99,True-1081,True-1081,shopify-1081,50-1081,deny-1081,manual-1081,0.35-1081,kg-1081,https://images.unsplash.com/photo-1602143407151-7111542de6e8-1081,1-1081,Stainless steel water bottle-1081
Modern-desk-lamp-new-1082,Modern Desk Lamp-1082,<p>A sleek and contemporary desk lamp with adjustable brightness settings. Perfect for your home office.</p>-1082,LightCraft-1082,Lighting-1082,"desk,lamp,office,modern-1082",True-1082,MDL-001-1082,39.99,49.99,True-1082,True-1082,shopify-1082,25-1082,deny-1082,manual-1082,1.2-1082,kg-1082,https://images.unsplash.com/photo-1534109287734-9595ff4428d5-1082,1-1082,Modern desk lamp with adjustable arm-1082
Modern-desk-lamp-new-1083,Modern Desk Lamp-1083,<p>A sleek and contemporary desk lamp with adjustable brightness settings. Perfect for your home office.</p>-1083,LightCraft-1083,Lighting-1083,"desk,lamp,office,modern-1083",True-1083,MDL-001-1083,39.99,49.99,True-1083,True-1083,shopify-1083,25-1083,deny-1083,manual-1083,1.2-1083,kg-1083,https://images.unsplash.com/photo-1534109287734-9595ff4428d5-1083,1-1083,Modern desk lamp with adjustable arm-1083
